id,category,subtype,question,dashboard_actions,expected_answer_form,notes
Q01,1_pattern,trend direction,"Which clusters increase steadily from week 2 to week 13 in cheese A, and which decrease?",Select all clusters; read the mean line of each facet in the pattern plot for A_1..A_5,list of cluster ids per direction,Expected to recover the Bacillota-early / Pseudomonadota-late succession reported by Smith et al.
Q02,1_pattern,trend direction,"Which clusters peak in the middle of ripening (around A_3, week 6) rather than at the start or end?",Select all clusters; look for facets with a hump at A_3,list of cluster ids,
Q03,1_pattern,timing,"At which week does each cluster reach its maximum in cheese A, and is it the same week in cheese C?",Read the x position of the peak for A_* and C_* separately in each facet,"table cluster x (peak week A, peak week C)",
Q04,1_pattern,shape similarity,Which clusters have a similar shape to the cluster that is most enriched for Actinomycetota?,"Select Actinomycetota as functional annotation, note the greenest node, brush several nodes and compare facets",cluster ids plus a short shape description,Vignette: groups 10 and 3 for cheese A peak at A_4/A_5
Q05,1_pattern,shape similarity,"Are there clusters whose cheese A and cheese C halves have opposite shapes (up in A, down in C)?",Compare the A_* and C_* portions of each facet,list of cluster ids,
Q06,1_pattern,spread,"In which cluster do the different phyla (line colours) disagree most, i.e. the ribbons are widest or the mean lines diverge?",Select all; compare ribbon width and line separation per facet,cluster id and the phyla involved,
Q07,1_pattern,consistency,"Which cluster has the tightest ribbon, meaning its features follow almost the same trajectory?",Select all; compare min-max ribbon widths,cluster id,
Q08,2_first_level_explore,major shapes,"For Pseudomonadota, what are the dominant temporal shapes among the clusters that carry most of its features?",Select Pseudomonadota; brush the two or three greenest nodes; describe their facets,2-3 shape descriptions with cluster ids,
Q09,2_first_level_explore,major shapes,"For Bacillota, which clusters hold most of its features and do they decline over ripening?",Select Bacillota; brush the greenest nodes; check the mean lines,cluster ids and yes/no with trend,
Q10,2_first_level_explore,major shapes,"For Bacteroidota, is there a single dominant pattern or are its features spread across many clusters?",Select Bacteroidota; compare node colours across the network,answer plus distribution of node colours,
Q11,2_first_level_explore,components,"Within the clusters enriched for Actinomycetota, which classes (Actinomycetes, others) make up the stacked bar?",Select Actinomycetota; brush greenest nodes; read the stacked bar legend and segments,class names with approximate counts,
Q12,2_first_level_explore,components,"For Pseudomonadota, how is the Gammaproteobacteria / Betaproteobacteria / Alphaproteobacteria split different between its top clusters?",Select Pseudomonadota; brush top nodes; compare stacked bars per cluster,per-cluster class proportions,
Q13,2_first_level_explore,components,Which individual contigs (3rd level) in the most Actinomycetota-enriched cluster have KEGG annotations?,Select Actinomycetota; brush the greenest node; filter the table to Actinomycetota; page through KEGG_ID,list of IDs with KEGG links,
Q14,2_first_level_explore,unknowns,"How many features with an unknown phylum fall into each cluster, and do they follow any particular shape?",Select 'Unknown' as functional annotation; read node colours; brush the greenest,counts per cluster and shape,gAnnotation() replaces NA phylum/class with 'Unknown'
Q15,3_filter,1st level,"Given Pseudomonadota, which cluster has the most features and what is its pattern?",Select Pseudomonadota; identify the greenest node; brush it,cluster id and shape,
Q16,3_filter,1st+2nd level,"Given Pseudomonadota and restricting to Gammaproteobacteria, does the dominant cluster change?",Select Pseudomonadota; select Gammaproteobacteria in Taxonomic Scope; compare stacked bars across brushed clusters,yes/no with cluster ids,
Q17,3_filter,1st+2nd level,"Given Bacillota and class Bacilli versus Clostridia, do the two classes sit in the same clusters?",Select Bacillota; toggle Bacilli then Clostridia in Taxonomic Scope; compare stacked bars,cluster overlap description,
Q18,3_filter,1st+2nd+3rd level,"Given Pseudomonadota and Gammaproteobacteria, which contigs carry Type VI secretion KEGG orthologs and which cluster are they in?",Select Pseudomonadota; select Gammaproteobacteria; search the table for secretion KO ids; read the cluster column,"list of IDs, KO ids and cluster",Smith et al. report Type VI secretion enrichment in Pseudomonadota (Psychrobacter)
Q19,3_filter,1st+2nd+3rd level,"Given Actinomycetota and Actinomycetes, how many contigs have a GO annotation at all, and which cluster holds most of them?",Select Actinomycetota; select Actinomycetes; use the table row count and GO_ID column,count and cluster id,
Q20,3_filter,3rd level direct,"Where do the Type IV secretion genes (KEGG) fall, and do they share one cluster?",Set table filter to all annotations; search for the Type IV KO ids; read the cluster column,cluster id(s) and count,"Vignette: 12 of 13 Type IV secretion genes were in Group 9, peaking at C_5"
Q21,3_filter,3rd level direct,"Which cluster contains a specific contig ID of interest, and what are its neighbours in the network?",Search the table for the ID; note the cluster; locate the node and its edges,cluster id and connected clusters,
Q22,4_network_explore,importance score,Which cluster pairs remain connected when the importance score is raised to its maximum?,Move the slider to the right end; list remaining edges,list of cluster pairs,
Q23,4_network_explore,importance score,"At the lowest importance score, which clusters are still isolated (no edges at all)?",Move the slider to 0; find nodes without edges,list of cluster ids,
Q24,4_network_explore,importance score + annotation,"For Actinomycetota, are its most enriched clusters connected to the rest of the network or isolated?",Select Actinomycetota; read the edges of the greenest nodes at the default score and at a lower score,connected / isolated per cluster,Vignette: no edges to groups 10 and 3 (cheese A); groups 2 and 5 highly connected (cheese C)
Q25,4_network_explore,layout,Does switching to the circle layout make it easier to see which clusters form a connected component?,Switch layout to circle; count components visually,description of components,
Q26,4_network_explore,layout + brush,"Using the grid layout, brush the top row of nodes: what do those clusters have in common in the pattern plot?",Switch to grid; brush the first row; compare facets,shared shape description,
Q27,4_network_explore,drag + brush,Drag the three most connected nodes together and brush them: do they share a dominant phylum?,Drag nodes; brush; read pattern plot colours and stacked bars,yes/no with phylum,
Q28,4_network_explore,click selection,"Select only the clusters connected to the strongest edge: how do their shapes relate (same direction, lagged, opposite)?",Hover edges for weights; click the two end nodes; compare facets,relationship description,
Q29,5_comparison,between cheeses,"For the same cluster, how does the cheese C trajectory differ from the cheese A trajectory?",Read the A_* half and C_* half of a facet,per-cluster description,C has no C_2 sample so the C half has four points
Q30,5_comparison,between clusters,How do the two clusters most enriched for Pseudomonadota differ in class composition and shape?,Select Pseudomonadota; brush the two greenest nodes; compare stacked bar and facets,side-by-side description,
Q31,5_comparison,between taxa,Do Flavobacteriia (Bacteroidota) and Bacilli (Bacillota) peak at different weeks?,Select each phylum in turn; restrict Taxonomic Scope; compare facets of the enriched clusters,peak week per class,
Q32,6_quantitative_summary,counts,"How many features does each cluster contain, and which is the largest?",Select all; read bar lengths in the stacked bar,counts per cluster,
Q33,6_quantitative_summary,proportions,What fraction of the features in the largest cluster are Gammaproteobacteria?,Brush the largest cluster; compare the Gammaproteobacteria segment to the bar length,percentage,
Q34,6_quantitative_summary,ranking,Rank the clusters by number of Actinomycetota features.,"Select Actinomycetota; order nodes by colour, or brush all and read the table filter counts",ordered list,
Q35,7_network_structure,hubs,Which cluster has the most edges at the default importance score?,Count edges per node,cluster id and degree,
Q36,7_network_structure,strongest link,"Which edge has the highest weight, and what are the two clusters' patterns?",Hover edges for weights; brush the two nodes,"pair, weight, shapes",
Q37,7_network_structure,components,How many connected components does the network have at the default score?,Inspect the network; optionally switch to circle layout,integer,
Q38,8_feature_lookup,external link,What molecular function does the most common KEGG ortholog in the Actinomycetota-enriched cluster have?,Brush the cluster; open the KEGG link in the table,KEGG entry description,Needs the external link; the dashboard only shows the id
Q39,8_feature_lookup,GO terms,Which GO terms recur among contigs in a cluster that peaks at C_5?,Brush the cluster; scan the GO_ID column; open QuickGO links,list of GO terms,
Q40,9_coverage_quality,annotation coverage,"How many features in the selected clusters lack a GO annotation, and does this vary by cluster?",Brush clusters; compare table rows with empty GO_ID cells,counts per cluster,In the raw data 82230/86156 rows have KEGG ids but only 34571 have GO ids
Q41,9_coverage_quality,filter effect,"When the Taxonomic Scope is restricted to one class, how many features disappear from the pattern plot?",Compare table row counts with and without the taxa filter,count difference,
Q42,10_hypothesis,interpretation,"Are the Actinomycetota features that peak late in cheese A following an independent succession, given their clusters are not connected to others?",Select Actinomycetota; inspect edges and facets,argued yes/no,Vignette's own hypothesis; the dashboard shows evidence but cannot confirm causation
Q43,10_hypothesis,interpretation,Is the rise of secretion-system genes at C_5 associated with the higher taxonomic diversity of that sample?,Search secretion KO ids; brush their cluster; compare stacked bar diversity,argued yes/no,
